{
  "train_losses": [
    0.4013201401370471,
    0.2416836501511394
  ],
  "val_losses": [
    0.10774495042100245,
    0.0741051648952523
  ],
  "best_val_loss": 0.0741051648952523,
  "total_time_seconds": 215.93071508407593
}