{
  "method": "robust",
  "center": [
    7.966700077056885,
    98.27855682373047,
    49.19784927368164,
    0.0,
    37.900001525878906,
    4.437706202509162e-09,
    7.889241260272684e-09,
    0.0,
    0.0,
    0.0,
    0.0014458958758041263
  ],
  "scale": [
    0.0003418922424316406,
    0.00022125244140625,
    58.94422912597656,
    0.4000000059604645,
    29.100000381469727,
    1.1642725894489558e-06,
    9.241497309631086e-07,
    1.0,
    1.0,
    0.20000000298023224,
    0.011694765649735928
  ],
  "clip_low": [
    7.963352203369141,
    98.27574920654297,
    33.51024627685547,
    -9.5,
    -132.6999969482422,
    -0.0008945812005549669,
    -0.000908549060113728,
    -118.39149475097656,
    -0.5,
    -61.10683822631836,
    1.3247617062006611e-05
  ],
  "clip_high": [
    7.967092514038086,
    98.27935028076172,
    156.9978485107422,
    7.400000095367432,
    165.92628479003906,
    0.0008970779599621892,
    0.0009079333976842463,
    118.27132415771484,
    0.5,
    61.03102111816406,
    4.947794437408447
  ]
}