{
  "validation": {
    "n_samples": 69521,
    "n_normal": 12691,
    "n_anomaly": 56830,
    "auc_roc": 0.38800347789420103,
    "auc_pr": 0.7589347934421069,
    "recall": 0.020270983635403837,
    "precision": 0.6271094175285792,
    "f1_score": 0.039272504133499246,
    "false_alarm_rate": 0.05397525805689071,
    "specificity": 0.9460247419431093,
    "confusion_matrix": {
      "tn": 12006,
      "fp": 685,
      "fn": 55678,
      "tp": 1152
    },
    "per_type": {
      "altitude_spike": {
        "n_samples": 14052,
        "auc_roc": 0.2528473916364801,
        "recall": 0.005248761735787684,
        "precision": 0.6396396396396397,
        "f1_score": 0.01041208388326734
      },
      "combined": {
        "n_samples": 5855,
        "auc_roc": 0.3546380469591629,
        "recall": 0.008158921603405462,
        "precision": 0.7796610169491526,
        "f1_score": 0.01614885027207302
      },
      "coordinate_jump": {
        "n_samples": 5855,
        "auc_roc": 0.4624196615114146,
        "recall": 0.01083096590909091,
        "precision": 0.8970588235294118,
        "f1_score": 0.021403508771929827
      },
      "deletion_gap": {
        "n_samples": 6802,
        "auc_roc": 0.48962476298661667,
        "recall": 0.04264524103831891,
        "precision": 0.1864864864864865,
        "f1_score": 0.0694164989939638
      },
      "heading_inconsistency": {
        "n_samples": 5855,
        "auc_roc": 0.22245094741934468,
        "recall": 0.002304555929799681,
        "precision": 0.4482758620689655,
        "f1_score": 0.004585537918871252
      },
      "injection": {
        "n_samples": 5340,
        "auc_roc": 0.5556778688096161,
        "recall": 0.013546524539196091,
        "precision": 0.9384615384615385,
        "f1_score": 0.026707530647985988
      },
      "precision_rounding": {
        "n_samples": 4684,
        "auc_roc": 0.43187331833620046,
        "recall": 0.012121212121212121,
        "precision": 0.8059701492537313,
        "f1_score": 0.023883237505528527
      },
      "speed_inconsistency": {
        "n_samples": 8197,
        "auc_roc": 0.4576126457489968,
        "recall": 0.04247787610619469,
        "precision": 0.9518413597733711,
        "f1_score": 0.08132639477187463
      },
      "timestamp_drift": {
        "n_samples": 8197,
        "auc_roc": 0.5035279221575157,
        "recall": 0.05578041993422717,
        "precision": 0.9692307692307692,
        "f1_score": 0.1054897739504844
      }
    }
  },
  "test_balanced": {
    "n_samples": 69815,
    "n_normal": 14815,
    "n_anomaly": 55000,
    "auc_roc": 0.37557615009357836,
    "auc_pr": 0.7162607974176826,
    "recall": 0.017927272727272726,
    "precision": 0.5493036211699165,
    "f1_score": 0.03472136631745752,
    "false_alarm_rate": 0.054606817414782315,
    "specificity": 0.9453931825852177,
    "confusion_matrix": {
      "tn": 14006,
      "fp": 809,
      "fn": 54014,
      "tp": 986
    },
    "per_type": {
      "altitude_spike": {
        "n_samples": 11710,
        "auc_roc": 0.27225934316678957,
        "recall": 0.005942877417065815,
        "precision": 0.7528089887640449,
        "f1_score": 0.011792660388981784
      },
      "combined": {
        "n_samples": 5855,
        "auc_roc": 0.340242573393197,
        "recall": 0.005667729365922777,
        "precision": 0.6666666666666666,
        "f1_score": 0.011239901650860555
      },
      "coordinate_jump": {
        "n_samples": 5855,
        "auc_roc": 0.4256453502146335,
        "recall": 0.011700053182059918,
        "precision": 0.8048780487804879,
        "f1_score": 0.02306482614013629
      },
      "deletion_gap": {
        "n_samples": 3911,
        "auc_roc": 0.4967505588959167,
        "recall": 0.05393743257820928,
        "precision": 0.22727272727272727,
        "f1_score": 0.08718395815170009
      },
      "heading_inconsistency": {
        "n_samples": 8197,
        "auc_roc": 0.22090941764830213,
        "recall": 0.0040373454453696694,
        "precision": 0.7804878048780488,
        "f1_score": 0.00803313668884147
      },
      "injection": {
        "n_samples": 2670,
        "auc_roc": 0.5410317555115691,
        "recall": 0.013753327417923691,
        "precision": 0.96875,
        "f1_score": 0.027121609798775155
      },
      "precision_rounding": {
        "n_samples": 8197,
        "auc_roc": 0.4460552405628506,
        "recall": 0.010028284906145539,
        "precision": 0.7959183673469388,
        "f1_score": 0.019807008633824275
      },
      "speed_inconsistency": {
        "n_samples": 8197,
        "auc_roc": 0.42560632970044066,
        "recall": 0.03996964330887933,
        "precision": 0.9294117647058824,
        "f1_score": 0.07664322095561485
      },
      "timestamp_drift": {
        "n_samples": 5855,
        "auc_roc": 0.5328832573798087,
        "recall": 0.05559490084985836,
        "precision": 0.9661538461538461,
        "f1_score": 0.10513979574753056
      }
    }
  },
  "test_strong": {
    "n_samples": 279037,
    "n_normal": 50798,
    "n_anomaly": 228239,
    "auc_roc": 0.41170029079075066,
    "auc_pr": 0.7682396896450575,
    "recall": 0.019054587515718174,
    "precision": 0.6343348891481914,
    "f1_score": 0.036997809396201536,
    "false_alarm_rate": 0.049352336706169536,
    "specificity": 0.9506476632938304,
    "confusion_matrix": {
      "tn": 48291,
      "fp": 2507,
      "fn": 223890,
      "tp": 4349
    },
    "per_type": {
      "altitude_spike": {
        "n_samples": 26933,
        "auc_roc": 0.2532605430429272,
        "recall": 0.005580142389840293,
        "precision": 0.7397959183673469,
        "f1_score": 0.01107673503685879
      },
      "combined": {
        "n_samples": 28104,
        "auc_roc": 0.34544399729453557,
        "recall": 0.006311826369407943,
        "precision": 0.8260869565217391,
        "f1_score": 0.012527931426059562
      },
      "coordinate_jump": {
        "n_samples": 28104,
        "auc_roc": 0.4719666446854944,
        "recall": 0.009855671625263003,
        "precision": 0.826625386996904,
        "f1_score": 0.019479098270956445
      },
      "deletion_gap": {
        "n_samples": 20830,
        "auc_roc": 0.5088092530868866,
        "recall": 0.04905808477237049,
        "precision": 0.228310502283105,
        "f1_score": 0.08076239702794379
      },
      "heading_inconsistency": {
        "n_samples": 26933,
        "auc_roc": 0.24695761022169704,
        "recall": 0.0032361212774973994,
        "precision": 0.6614173228346457,
        "f1_score": 0.006440729949394265
      },
      "injection": {
        "n_samples": 33375,
        "auc_roc": 0.5454720691491702,
        "recall": 0.012556148976054893,
        "precision": 0.917312661498708,
        "f1_score": 0.024773203070481503
      },
      "precision_rounding": {
        "n_samples": 30446,
        "auc_roc": 0.44986800182066455,
        "recall": 0.00864304235090752,
        "precision": 0.7621951219512195,
        "f1_score": 0.01709226404129491
      },
      "speed_inconsistency": {
        "n_samples": 32788,
        "auc_roc": 0.44114956487914314,
        "recall": 0.04005192502532928,
        "precision": 0.9489872468117029,
        "f1_score": 0.0768599811647477
      },
      "timestamp_drift": {
        "n_samples": 29275,
        "auc_roc": 0.4906573407608986,
        "recall": 0.05531945034707466,
        "precision": 0.9612307692307692,
        "f1_score": 0.10461806369512072
      }
    }
  },
  "test_subtle": {
    "n_samples": 281583,
    "n_normal": 58454,
    "n_anomaly": 223129,
    "auc_roc": 0.39896886896396955,
    "auc_pr": 0.7349236687840521,
    "recall": 0.021216426372188287,
    "precision": 0.6104448742746615,
    "f1_score": 0.041007605550839384,
    "false_alarm_rate": 0.05168166421459609,
    "specificity": 0.9483183357854039,
    "confusion_matrix": {
      "tn": 55433,
      "fp": 3021,
      "fn": 218395,
      "tp": 4734
    },