{
  "train_losses": [
    0.3874015113528894,
    0.23296252306626766
  ],
  "val_losses": [
    0.1402510850046597,
    0.1554230343317613
  ],
  "best_val_loss": 0.1402510850046597,
  "total_time_seconds": 308.8879430294037
}