{
  "fit_stats": {
    "n_samples": 31355,
    "embedding_dim": 384,
    "score_mean": -0.4504306994404716,
    "score_std": 0.02364738518777969,
    "score_min": -0.5214710905181489,
    "score_max": -0.3949357672465436,
    "score_percentiles": {
      "1%": -0.4960100683749136,
      "5%": -0.4862144797398616,
      "10%": -0.48003492820520743,
      "50%": -0.45230684482362027,
      "90%": -0.4154961533437747,
      "95%": -0.40564831024051545,
      "99%": -0.39879187092604174
    }
  },
  "validation": {
    "n_samples": 69521,
    "n_anomalies": 56830,
    "n_normal": 12691,
    "auc_roc": 0.45087963397727215,
    "auc_pr": 0.7850613755440811,
    "recall": 0.028066162238254443,
    "precision": 0.7136465324384788,
    "f1_score": 0.054008295945145175,
    "false_alarm_rate": 0.05042943818454022,
    "specificity": 0.9495705618154597,
    "true_positives": 1595,
    "false_positives": 640,
    "true_negatives": 12051,
    "false_negatives": 55235,
    "threshold_used": -0.46593777159849586,
    "per_type": {
      "altitude_spike": {
        "n_samples": 14052,
        "auc_roc": 0.41203455522816795,
        "recall": 0.013972055888223553
      },
      "combined": {
        "n_samples": 5855,
        "auc_roc": 0.41609151527733956,
        "recall": 0.014012061014544164
      },
      "coordinate_jump": {
        "n_samples": 5855,
        "auc_roc": 0.5452972922187118,
        "recall": 0.03125
      },
      "deletion_gap": {
        "n_samples": 6802,
        "auc_roc": 0.49745097351935785,
        "recall": 0.050061804697156986
      },
      "heading_inconsistency": {
        "n_samples": 5855,
        "auc_roc": 0.36464585884056483,
        "recall": 0.0065591207232760145
      },
      "injection": {
        "n_samples": 5340,
        "auc_roc": 0.4841654747094132,
        "recall": 0.03597601598934044
      },
      "precision_rounding": {
        "n_samples": 4684,
        "auc_roc": 0.4844260165948666,
        "recall": 0.030751964085297418
      },
      "speed_inconsistency": {
        "n_samples": 8197,
        "auc_roc": 0.45600241391613844,
        "recall": 0.038685208596713025
      },
      "timestamp_drift": {
        "n_samples": 8197,
        "auc_roc": 0.5340226179951196,
        "recall": 0.05413609916519099
      }
    }
  }
}